
<resources>
    <color name="seed">#d32f2f</color>
    <color name="md_theme_light_primary">#BA1A20</color>
    <color name="md_theme_light_onPrimary">#FFFFFF</color>
    <color name="md_theme_light_primaryContainer">#FFDAD6</color>
    <color name="md_theme_light_onPrimaryContainer">#410003</color>
    <color name="md_theme_light_secondary">#B81F1A</color>
    <color name="md_theme_light_onSecondary">#FFFFFF</color>
    <color name="md_theme_light_secondaryContainer">#FFDAD5</color>
    <color name="md_theme_light_onSecondaryContainer">#410001</color>
    <color name="md_theme_light_tertiary">#B02D26</color>
    <color name="md_theme_light_onTertiary">#FFFFFF</color>
    <color name="md_theme_light_tertiaryContainer">#FFDAD5</color>
    <color name="md_theme_light_onTertiaryContainer">#410002</color>
    <color name="md_theme_light_error">#BA1A1A</color>
    <color name="md_theme_light_errorContainer">#FFDAD6</color>
    <color name="md_theme_light_onError">#FFFFFF</color>
    <color name="md_theme_light_onErrorContainer">#410002</color>
    <color name="md_theme_light_background">#FFFBFF</color>
    <color name="md_theme_light_onBackground">#201A19</color>
    <color name="md_theme_light_surface">#FFFBFF</color>
    <color name="md_theme_light_onSurface">#201A19</color>
    <color name="md_theme_light_surfaceVariant">#F5DDDB</color>
    <color name="md_theme_light_onSurfaceVariant">#534342</color>
    <color name="md_theme_light_outline">#857371</color>
    <color name="md_theme_light_inverseOnSurface">#FBEEEC</color>
    <color name="md_theme_light_inverseSurface">#362F2E</color>
    <color name="md_theme_light_inversePrimary">#FFB3AC</color>
    <color name="md_theme_light_shadow">#000000</color>
    <color name="md_theme_light_surfaceTint">#BA1A20</color>
    <color name="md_theme_light_surfaceTintColor">#BA1A20</color>
    <color name="md_theme_dark_primary">#FFB3AC</color>
    <color name="md_theme_dark_onPrimary">#680008</color>
    <color name="md_theme_dark_primaryContainer">#930010</color>
    <color name="md_theme_dark_onPrimaryContainer">#FFDAD6</color>
    <color name="md_theme_dark_secondary">#FFB4AA</color>
    <color name="md_theme_dark_onSecondary">#690003</color>
    <color name="md_theme_dark_secondaryContainer">#930006</color>
    <color name="md_theme_dark_onSecondaryContainer">#FFDAD5</color>
    <color name="md_theme_dark_tertiary">#FFB4AB</color>
    <color name="md_theme_dark_onTertiary">#690005</color>
    <color name="md_theme_dark_tertiaryContainer">#8E1212</color>
    <color name="md_theme_dark_onTertiaryContainer">#FFDAD5</color>
    <color name="md_theme_dark_error">#FFB4AB</color>
    <color name="md_theme_dark_errorContainer">#93000A</color>
    <color name="md_theme_dark_onError">#690005</color>
    <color name="md_theme_dark_onErrorContainer">#FFDAD6</color>
    <color name="md_theme_dark_background">#201A19</color>
    <color name="md_theme_dark_onBackground">#EDE0DE</color>
    <color name="md_theme_dark_surface">#201A19</color>
    <color name="md_theme_dark_onSurface">#EDE0DE</color>
    <color name="md_theme_dark_surfaceVariant">#534342</color>
    <color name="md_theme_dark_onSurfaceVariant">#D8C2BF</color>
    <color name="md_theme_dark_outline">#A08C8A</color>
    <color name="md_theme_dark_inverseOnSurface">#201A19</color>
    <color name="md_theme_dark_inverseSurface">#EDE0DE</color>
    <color name="md_theme_dark_inversePrimary">#BA1A20</color>
    <color name="md_theme_dark_shadow">#000000</color>
    <color name="md_theme_dark_surfaceTint">#FFB3AC</color>
    <color name="md_theme_dark_surfaceTintColor">#FFB3AC</color>
</resources>
